{
  "auth": [
    {
      "username": "peach",
      "password": "password1",
      "allow": true
    },
    {
      "username": "melon",
      "password": "password2",
      "allow": true
    },
    {
      "remote": "127.0.0.1:*",
      "allow": false
    },
    {
      "remote": "localhost:*",
      "allow": false
    }
  ],
  "acl": [
    {
      "remote": "127.0.0.1:*"
    },
    {
      "username": "melon",
      "filters": {
        "melon/#": 3,
        "updates/#": 2
      }
    },
    {
      "filters": {
        "#": 1,
        "updates/#": 0
      }
    }
  ]
}